id,content,reflection
1,"你以为自己焦虑是因为太脆弱，其实那是神经系统在尽职守护。大脑的任务是“预测威胁”，而不是“让你快乐”。所以它宁可多想十种危险，也不愿漏掉一次意外。

只是今天的危险不再是猛兽，而是工作消息、未读邮件、别人的期待。大脑还以为你在逃命。

焦虑不是你的错，而是系统过载。关掉提醒，出门走走。告诉身体：“我们现在安全。”",你最近一次安心地发呆，是哪一天？
2,"焦虑的人并不懒惰，他们只是一直在脑中“工作”。每一种可能的结果，他们都提前经历了一遍。

心理学家 Aaron Beck 称之为“过度防御模式”——你以为在准备，其实是在惩罚自己。

你不需要把每个明天都想透。很多事情，你站在今天这一刻，也能应对。",也许今晚，你可以不准备，不计划，只是安静坐着。
3,"你不是被焦虑追赶，而是被“必须立刻解决一切”的信念绑架。大脑被训练成了紧急响应系统——一有空白就要填满。

心理治疗师 Claire Weekes 说：“不要试图压下焦虑，要让它自然流过。”

停一停吧。让混乱存在，世界不会因为你慢下来而崩塌。",有时候，真正的效率是允许自己什么都不做。
4,"焦虑是一种未被释放的能量。它在体内徘徊，像电流没找到地线。Peter Levine 说，身体会替你“记住那些你没能逃离的时刻”。

所以别再逼自己“镇定”，那只是压抑。去散步、跑步、伸懒腰，让身体帮你完成那场“迟来的逃生”。",你的焦虑，也许只需要一段风吹在脸上的时间。
5,"你不是焦虑体质，只是太敏锐。高敏感人格研究表明，你的感官天生更细腻，对风险、声音、表情都更敏感。

可惜你把这份天赋误以为缺陷。焦虑，其实是敏感者在没有足够安全感时的自我防御。

所以，别责怪它。换个环境、调暗灯光，让世界柔一点。",敏感不是错，只是提醒你需要更柔软的生活节奏。
6,"焦虑让你以为要控制一切才能安心。可控制感，本就是幻觉。心理学家 Festinger 的研究表明，当现实与期待不符，我们就陷入“认知失调”。

你越想掌控，内心越动荡。真正的平静来自“允许不确定”。

把“必须”换成“尽力”，你会发现呼吸变顺了。",哪件事，你今天可以允许它“不完美”一次？
7,"你不是无法停止焦虑，而是从未学会停下来。你的神经系统被长期的警报声磨损，却没人教你怎么“关机”。

神经科学告诉我们：深呼吸能重新激活副交感神经——那是身体的“刹车系统”。

所以下次焦虑来临，不要急着想明白，只要深吸一口气。让身体带你回家。",安静三分钟，也许比你想的更有力量。
8,"焦虑的根源，不是害怕未来，而是缺乏安全的当下。心理学家 Bessel van der Kolk 说过：“身体记得那些未被安抚的恐惧。”

你不是玻璃心，只是太久没人告诉你：“你现在安全了。”

焦虑时，摸摸自己的手臂，告诉自己——我还在，我没事。",安全感，不一定来自别人。它可以从这句“我在”开始。
9,"焦虑不是你想太多，而是你太懂得感受。神经科学发现，焦虑与创造力激活的是同一脑区——你用同样的能量想象灾难。

所以别让这股想象力只用在恐惧上。把它借给生活，去想象一次美好的可能。

创造和焦虑，本就是同一盏灯，只看你照向哪里。",今晚换个方向想一想：如果顺利呢？
10,"你一直以为焦虑在毁掉你，其实它是那部分还不愿放弃希望的你。如果你真的不在乎，就不会这么害怕失去。

焦虑的存在，是因为你仍然有爱、仍然有热望。那不是弱点，是你还在和世界连接。

别急着摆脱它。学着和它共处，就像学着和自己共处。",焦虑也许是“我在乎”的另一种表达。
